1;"Curtis Kephart and Isabella Velásquez";"Announcing the RStudio 2021 Communications Survey";"2021-10-27"
1;"Isabella Velásquez";"RStudio at R/Pharma 2021";"2021-10-27"
1;"Alex Gold, Tatsuya Shigeta, and Isabella Velásquez";"How Data Scientists and Security Teams Can Effectively Work Together";"2021-10-26"
1;"Brian Deitte and Nathan Stephens";"RStudio Professional Drivers 2021.10.0";"2021-10-26"
1;"Kathleen Bostic and Michel Ruiz-Fuentes";"The INSPIRE U2 Program: Student Reflections on Data Science Training";"2021-10-22"
1;"Isabella Velásquez";"Embedding Shiny Apps in Tableau Dashboards Using shinytableau";"2021-10-21"
1;"Dr. A. Nayena Blankson";"The INSPIRE U2 Program: Training Students in Big Data and Statistics Using RStudio";"2021-10-20"
1;"Isabella Velásquez";"Why Your Data Science Team Might Need a Shiny Deployment Engineer";"2021-10-14"
1;"James Blair & Kelly O'Briant";"RStudio Connect 2021.09.0 Tableau Analytics Extensions";"2021-10-12"
1;"Isabella Velásquez";"Teaching a Biomedical Data Science Course Using RStudio Cloud";"2021-10-06"
2;"Hadley Wickham";"pins 1.0.0";"2021-10-04"
2;"Rich Iannone and Curtis Kephart";"An RStudio Table Contest for 2021";"2021-09-30"
2;"Taylor Rodgers";"How to Use shinyMatrix and plotly Graphs as Inputs in a Shiny App";"2021-09-29"
2;"Jeffrey Vroom";"RStudio 2021.09.0 Update: What's New";"2021-09-29"
2;"Robby Shaver";"What's New on RStudio Cloud - September 2021";"2021-09-28"
2;"Shannon Pileggi";"Curating for @WeAreRLadies on Twitter";"2021-09-23"
2;"Daniel Petzold and Brian Deitte";"RStudio Package Manager 2021.09.0 - Capturing and Maintaining Working Repositories";"2021-09-22"
2;"Melissa Barca";"RStudio Workbench Load Balancing Changes";"2021-09-21"
2;"Lou Bajuk";"The Advantages of Code-First Data Science";"2021-09-16"
2;"Rachael Dempsey";"How do you use Shiny to communicate to 8 million people?";"2021-09-14"
3;"Pritam Dalal";"My Excel and R Journey in Financial Services";"2021-09-07"
3;"Ferit Albukrek";"Announcing Calendar Based Versioning for All Commercial RStudio Products";"2021-08-30"
3;"Kelly O'Briant";"RStudio Connect 2021.08.0 Custom Branding";"2021-08-30"
3;"Kelly O'Briant";"RStudio Connect 2021.08.0 Python Updates";"2021-08-30"
3;"Colin Gillespie (Jumping Rivers)";"Practical Advice for R in Production -  Answering Your Questions";"2021-08-27"
3;"Averi Perny";"Cheatsheet Updates";"2021-08-23"
3;"Alison Hill, Christophe Dervieux, Yihui Xie";"Announcing bookdown v0.23";"2021-08-18"
3;"Shannon Hagerty";"Using Shiny in Healthcare: Examples from the 2021 Shiny Contest";"2021-08-17"
3;"Michael Demsko";"RStudio Voices - Julia Silge";"2021-08-12"
3;"Matthias Mueller";"Democratizing Data with R, Python, and Slack";"2021-08-10"
4;"RStudio Team";"RStudio Beta 3 (v0.94)";"2011-06-14"
4;"RStudio Team";"RStudio Beta 2 (v0.93)";"2011-04-11"
4;"RStudio Team";"RStudio, new open-source IDE for R";"2011-02-28"
4;"RStudio Team";"About the RStudio Project";"2011-02-27"
4;"RStudio Team";"Welcome to our Weblog";"2011-02-27"
5;"Dr. Patricia Menéndez";"RStudio Cloud: An inclusive solution for learning R";"2021-08-05"
5;"Chris Bumgardner";"R in Healthcare Meetup Q&A";"2021-08-03"
5;"Kelly O'Briant";"RStudio Connect 1.9.0 - Content Curation Tools";"2021-07-29"
5;"Curtis Kephart";"Shiny Apps from Concept to Production - An RStudio Community X-Session with Appsilon";"2021-07-27"
5;"Nick Strayer";"Top 3 Coding Best Practices from the Shiny Contest";"2021-07-22"
5;"Mitch Tanney";"Advice to Aspiring Sports Analytics Professionals";"2021-07-20"
5;"Lou Bajuk";"A CEO’s View of Open Source Data Science in the Enterprise";"2021-07-15"
5;"Marcin Dubel (Appsilon)";"Shiny, Tableau, and PowerBI: Better Business Intelligence";"2021-07-12"
5;"Ricardo Andrade and Brian Deitte";"RStudio Professional Drivers 1.8.0";"2021-06-28"
5;"Behrooz Hassani-Mahmooei (and the InSight Team)";"Strategic Analytics at Monash University: How RStudio Accelerated the Transformation";"2021-06-24"
6;"Hadley Wickham";"ggplot2 0.9.2 has been released!";"2012-09-07"
6;"RStudio Team";"Welcome Hadley, Winston, and Garrett!";"2012-08-20"
6;"RStudio Team";"Announcing RPubs: A New Web Publishing Service for R";"2012-06-04"
6;"RStudio Team";"MathJax Syntax Change";"2012-05-25"
6;"RStudio Team";"NYC Meetup: What's Next for R Markdown";"2012-05-24"
6;"RStudio Team";"RStudio v0.96.225 Update";"2012-05-24"
6;"RStudio Team";"New Version of RStudio (v0.96)";"2012-05-14"
6;"RStudio Team";"RStudio v0.95 Released";"2012-01-25"
6;"RStudio Team";"RStudio v0.95 Preview Available";"2012-01-10"
6;"RStudio Team";"RStudio Update";"2011-10-27"
7;"Mine Çetinkaya-Rundel";"Winners of the 3rd annual Shiny Contest";"2021-06-24"
7;"Rachael Dempsey";"R in Supply Chain Management: Meetup Q&A";"2021-06-17"
7;"Lou Bajuk";"Debunking the Myths of R vs. Python";"2021-06-15"
7;"Rachael Dempsey";"Building Effective Data Science Teams: Answering Your Questions";"2021-06-10"
7;"Jonathan McPherson";"RStudio v1.4 Update: What's New";"2021-06-09"
7;"Mike Stackhouse (Atorus Research)";"Upcoming Webinar - Incorporating R into your Clinical Legacy Workflows";"2021-06-08"
7;"Rachael Dempsey";"Building Effective Data Science Teams";"2021-06-03"
7;"Daniel Petzold";"Announcing RStudio Workbench";"2021-06-02"
7;"Maria Semple";"RStudio Workbench: VS Code Sessions";"2021-06-02"
7;"Mark Sellors";"(Re)Introducing the ""Solutions"" website";"2021-05-27"
8;"Winston Chang";"ggplot2 0.9.3 and plyr 1.8 have been released!";"2012-12-06"
8;"Joe Cheng";"An update on Shiny";"2012-12-04"
8;"RStudio Team";"RStudio and Rcpp";"2012-11-29"
8;"Joe Cheng";"Introducing Shiny: Easy web applications in R";"2012-11-08"
8;"RStudio Team";"New version of RStudio (v0.97)";"2012-11-01"
8;"Hadley Wickham";"RStudio training";"2012-10-23"
8;"Hadley Wickham";"New version of httr: 0.2";"2012-10-14"
8;"Garrett Grolemund";"lubridate 1.2.0 now on CRAN";"2012-10-08"
8;"Hadley Wickham";"Where in the world is R and RStudio";"2012-10-01"
8;"Hadley Wickham";"New version of devtools: 0.8";"2012-09-16"
9;"Samantha Toet";"Centralizing your Analytics Infrastructure with eoda and Covestro";"2021-05-25"
9;"Mine Çetinkaya-Rundel";"ASA DataFest 2021";"2021-05-20"
9;"Jesse Mostipak";"Managing COVID Vaccine Distribution, With a Little Help From Shiny";"2021-05-18"
9;"Lou Bajuk and Nick Rohrbaugh";"Code-First Data Science for the Enterprise";"2021-05-12"
9;"Alex K Gold";"Low Friction Package Management in Three Parts";"2021-05-06"
9;"James Blair";"RStudio and APIs";"2021-05-04"
9;"Robby Shaver";"What's New on RStudio Cloud - May 2021";"2021-05-03"
9;"Samantha Toet";"Using RStudio to Amplify Digital Marketing Results";"2021-04-26"
9;"Alison Hill, Christophe Dervieux, Yihui Xie";"New in knitr: Improved accessibility with image alt text";"2021-04-20"
9;"Alison Hill, Christophe Dervieux, Yihui Xie";"Latest news from the R Markdown family";"2021-04-15"
10;"Jonathan McPherson";"Announcing Packrat";"2013-11-14"
10;"RStudio Team";"RStudio OS X Mavericks Issues Resolved";"2013-11-12"
10;"RStudio Team";"RStudio and OS X 10.9 Mavericks";"2013-10-22"
10;"RStudio Team";"RStudio v0.98 Preview (Debugging Tools and More)";"2013-09-24"
10;"Hadley Wickham";"The RStudio CRAN mirror";"2013-06-10"
10;"Hadley Wickham";"Version 1.2 of devtools released";"2013-04-17"
10;"Winston Chang";"Shiny 0.4.0 now available";"2013-02-22"
10;"Winston Chang";"Shiny 0.3.0 released";"2013-01-25"
10;"Hadley Wickham";"Version 1.0 of devtools released!";"2013-01-23"
10;"Joe Cheng";"Shiny Server now available";"2013-01-22"
11;"Uli Muellner (Epi-Interactive)";"Impressions from New Zealand’s R Exchange";"2021-04-14"
11;"Julia Silge";"Model Monitoring with R Markdown, pins, and RStudio Connect";"2021-04-08"
11;"Daniel Petzold";"RStudio 1.4 - A quick tour";"2021-04-06"
11;"Daniel Petzold";"BI and Data Science: Deliver Insights Through Embedded Analytics";"2021-04-01"
11;"Barret Schloerke and Carson Sievert";"plumber 1.1.0";"2021-03-29"
11;"Sean Lopp";"BI and Data Science: Collaboration Using Data Handoffs";"2021-03-25"
11;"Lou Bajuk";"BI and Data Science: Matching Approaches to Applications";"2021-03-18"
11;"Samantha Toet";"R in Pharma with ProCogia X-Session Recordings are Now Available";"2021-03-16"
11;"Samantha Toet";"Mastering Shiny with Appsilon X-Session Recordings are Now Available";"2021-03-15"
11;"Lou Bajuk";"BI and Open Source Data Science: Strengths and Challenges";"2021-03-11"
12;"Hadley Wickham";"testthat 0.8 (and 0.8.1)";"2014-02-25"
12;"Hadley Wickham";"dplyr 0.1.1";"2014-01-30"
12;"Hadley Wickham";"roxygen2 3.1.0";"2014-01-30"
12;"Hadley Wickham";"Introducing dplyr";"2014-01-17"
12;"Hadley Wickham";"roxygen2 3.0.0";"2013-12-09"
12;"RStudio Team";"New Version of RStudio (v0.98)";"2013-12-03"
12;"RStudio Team";"Shiny Server 0.4";"2013-12-03"
12;"Hadley Wickham";"Upcoming courses: Dec 2013";"2013-12-02"
12;"Hadley Wickham";"devtools 1.4 now available";"2013-11-27"
12;"Joe Cheng";"Shiny 0.8.0 released; Yihui Xie joins RStudio";"2013-11-15"
13;"Mine Çetinkaya-Rundel";"Time to get your Shiny on, Shiny Contest 2021 is here!";"2021-03-11"
13;"Ricardo Andrade and Nathan Stephens";"RStudio Professional Drivers 1.7.0";"2021-03-10"
13;"Lou Bajuk";"BI and Data Science: The Best of Both Worlds";"2021-03-04"
13;"Akosua Boateng";"Summer Internships 2021";"2021-03-02"
13;"Maria Semple";"Introducing the RStudio Launcher Plugin SDK";"2021-02-23"
13;"Winston Chang and Nick Strayer";"Introducing Shiny App Stories";"2021-02-12"
13;"Alex K Gold";"Painful Package Management";"2021-02-11"
13;"Alex K Gold";"The Package Management Prime Directive";"2021-02-05"
13;"Robby Shaver";"What's New on RStudio Cloud - February 2021";"2021-02-04"
13;"Carl Howe";"Enjoy More Rstudio::global(2021)";"2021-02-01"
14;"Garrett Grolemund";"New Shiny article: Style your apps with CSS";"2014-05-07"
14;"Garrett Grolemund";"Announcing RStudio Shiny Server Pro v1.1";"2014-05-07"
14;"Garrett Grolemund";"Announcing our new training web pages";"2014-05-07"
14;"Garrett Grolemund";"devtools 1.5";"2014-05-07"
14;"Garrett Grolemund";"Introduction to Data Science with R, April 28-29 San Francisco";"2014-05-07"
14;"Garrett Grolemund";"New Shiny website launched; Shiny 0.9 released";"2014-05-07"
14;"Garrett Grolemund";"httr 0.3";"2014-05-07"
14;"Garrett Grolemund";"http://api.stackexchange.com""";"2014-05-07"
14;"Garrett Grolemund";"dplyr 0.1.3";"2014-05-07"
14;"Garrett Grolemund";"Announcing Shiny Server Pro general availability";"2014-05-07"
14;"Garrett Grolemund";"dplyr 0.1.2";"2014-05-07"
15;"Carson Sievert, Winston Chang, and Barret Schloerke";"Shiny 1.6";"2021-02-01"
15;"Carl Howe";"rstudio::global(2021) Starts Tomorrow!";"2021-01-20"
15;"Lou Bajuk";"2020 at RStudio: A Year in Review";"2021-01-19"
15;"Daniel Petzold and Carl Howe";"Announcing RStudio 1.4";"2021-01-19"
15;"Alison Hill, Christophe Dervieux, Yihui Xie";"Announcing blogdown v1.0";"2021-01-18"
15;"Lou Bajuk";"RStudio: A Single Home for R and Python Data Science";"2021-01-13"
15;"Kelly O'Briant";"Shiny Server 1.5.16 Update";"2021-01-13"
15;"Samantha Toet";"X-Sessions at rstudio::global";"2021-01-11"
15;"Carl Howe";"Last Call for the 2020 R Community Survey";"2021-01-07"
15;"Carl Howe";"Custom Google Analytics Dashboards with R: Building The Dashboard";"2021-01-06"
16;"Roger Oberg";"Come see RStudio at UseR! 2014";"2014-06-24"
16;"Winston Chang";"Introducing ggvis";"2014-06-23"
16;"Joe Cheng";"Shiny 0.10";"2014-06-20"
16;"Garrett Grolemund";"Interactive documents: An incredibly easy way to use Shiny";"2014-06-19"
16;"RStudio Team";"New Version of RStudio: R Markdown v2 and More";"2014-06-18"
16;"Yihui Xie";"R Markdown v2";"2014-06-18"
16;"Garrett Grolemund";"Comment sections and help instructions at the Shiny Dev Center";"2014-05-28"
16;"Hadley Wickham";"dplyr 0.2";"2014-05-21"
16;"Hadley Wickham";"roxygen2 4.0.1";"2014-05-19"
16;"Hadley Wickham";"reshape2 1.4; Kevin Ushey joins Rstudio";"2014-05-09"
17;"Art Steinmetz";"Exploring US COVID-19 Cases and Deaths";"2020-12-23"
17;"Rich Iannone and Curtis Kephart";"Winners of the 2020 RStudio Table Contest";"2020-12-23"
17;"Alison Hill, Christophe Dervieux, Yihui Xie";"Latest News from the R Markdown Family";"2020-12-21"
17;"Kelly O'Briant";"RStudio Connect 1.8.6";"2020-12-16"
17;"Kelly O'Briant";"RStudio Connect 1.8.6 - Administrator Digest";"2020-12-16"
17;"Kelly O'Briant";"RStudio Connect 1.8.6 - Deployment API";"2020-12-16"
17;"Kelly O'Briant";"RStudio Connect 1.8.6 - Python Update";"2020-12-16"
17;"Kelly O'Briant";"RStudio Connect 1.8.6 - Server API";"2020-12-16"
17;"Carl Howe";"Announcing the 2020 R Community Survey";"2020-12-11"
17;"Alison Hill and JJ Allaire";"(Re-)introducing Distill for R Markdown";"2020-12-07"
18;"Garrett Grolemund";"The R Markdown Cheat Sheet";"2014-08-01"
18;"Hadley Wickham";"httr 0.4";"2014-07-31"
18;"Roger Oberg";"Announcing Shiny Server Pro 1.2";"2014-07-24"
18;"Hadley Wickham";"New data packages";"2014-07-23"
18;"Kevin Ushey";"Announcing Packrat v0.4";"2014-07-22"
18;"Hadley Wickham";"Introducing tidyr";"2014-07-22"
18;"Garrett Grolemund";"Master interactive documents at the Shiny Dev Center";"2014-07-21"
18;"Roger Oberg";"RStudio presents Essential Tools for Data Science with R";"2014-07-16"
18;"Garrett Grolemund";"R Day at Strata NYC";"2014-07-08"
18;"Garrett Grolemund";"Shiny cheat sheet";"2014-06-30"
19;"Sean Lopp";"RStudio Package Manager 1.2.0 - Bioconductor & PyPI ";"2020-12-07"
19;"Jonathan McPherson";"RStudio v1.4 Preview: The Little Things";"2020-12-02"
19;"Julia Silge and Jen Hecht";"rstudio::global(2021) Diversity Scholarships";"2020-11-30"
19;"Carl Howe";"Custom Google Analytics Dashboards with R: Downloading Data";"2020-11-27"
19;"Daniel Petzold and Carl Howe";"How California Uses Shiny in Production to Fight COVID-19";"2020-11-19"
19;"Lou Bajuk, Carl Howe";"Why RStudio Focuses on Code-Based Data Science";"2020-11-17"
19;"Karl Feinauer";"RStudio 1.4 Preview: New Features in RStudio Server Pro";"2020-11-16"
19;"Lou Bajuk, RStudio";"Where Does RStudio Fit into Your Cloud Strategy?";"2020-11-12"
19;"Samantha Toet";"The Appsilon shiny.semantic PoContest";"2020-11-10"
19;"JJ Allaire";"RStudio 1.4 Preview: Citations";"2020-11-09"
20;"Roger Oberg";"Meet us at R Day and at the Strata+Hadoop World NYC Oct 15-17, 2014";"2014-09-30"
20;"Garrett Grolemund";"Data management with ShinyApps.io";"2014-09-29"
20;"Garrett Grolemund";"Registration now open for Master R Developer workshop in San Francisco";"2014-09-29"
20;"Hadley Wickham";"testthat 0.9";"2014-09-23"
20;"Garrett Grolemund";"Track how visitors use your Shiny app with Google Analytics";"2014-09-08"
20;"Kevin Ushey";"Packrat on CRAN";"2014-09-05"
20;"Hadley Wickham";"httr 0.5";"2014-09-03"
20;"Garrett Grolemund";"Master R Developer Workshop - San Francisco, January 19-20";"2014-08-11"
20;"Roger Oberg";"Come see RStudio at JSM in Boston";"2014-08-01"
20;"Yihui Xie";"Shiny 0.10.1";"2014-08-01"
21;"Adam Conroy";"RStudio 1.4 Preview: Rainbow Parentheses";"2020-11-04"
21;"Rich Iannone and Curtis Kephart ";"2020 Table Contest Deadline Extended";"2020-10-30"
21;"Carl Howe";"Why RStudio Supports Python for Data Science";"2020-10-30"
21;"Melissa Barca";"RStudio 1.4 Preview: Multiple Source Columns";"2020-10-21"
21;"Rob Hewardt";"rstudio::global(2021)";"2020-10-16"
21;"Jonathan McPherson";"RStudio v1.4 Preview: Command Palette";"2020-10-14"
21;"Art Steinmetz, former Chairman, CEO and President of OppenheimerFunds";"Open Source Data Science in Investment Management";"2020-10-13"
21;"Andy Nicholls, Michael Rimler";"Using R to Drive Agility in Clinical Reporting: Questions and Answers";"2020-10-08"
21;"Kevin Ushey";"RStudio v1.4 Preview: Python Support";"2020-10-07"
21;"J.J. Allaire";"RStudio v1.4 Preview: Visual Markdown Editing";"2020-09-30"
22;"Hadley Wickham";"httr 0.6.0";"2014-12-14"
22;"Hadley Wickham";"tidyr 0.2.0 (and reshape2 1.4.1)";"2014-12-08"
22;"Hadley Wickham";"magrittr 1.5";"2014-12-01"
22;"Hadley Wickham";"rvest: easy web scraping with R";"2014-11-24"
22;"Garrett Grolemund";"Introduction to Data Science with R video workshop";"2014-11-06"
22;"Hadley Wickham";"RSQLite 1.0.0";"2014-10-25"
22;"Hadley Wickham";"dplyr 0.3";"2014-10-13"
22;"Winston Chang";"ggvis 0.4";"2014-10-13"
22;"Yihui Xie";"Shiny 0.10.2";"2014-10-02"
22;"Hadley Wickham";"devtools 1.6";"2014-10-02"
23;"The RStudio Multiverse Team";"Introducing torch for R";"2020-09-29"
23;"Lou Bajuk";"RStudio Named Strong Performer in the Forrester Wave™: Notebook-Based Predictive Analytics and Machine Learning, Q3 2020";"2020-09-25"
23;"Carl Howe";"Ease Uncertainty by Boosting Your Data Science Team's Skills";"2020-09-23"
23;"Daniel Petzold, Carl Howe";"Learning Data Science with RStudio Cloud: A Student's Perspective";"2020-09-17"
23;"Rich Iannone and Curtis Kephart";"Announcing the 2020 RStudio Table Contest";"2020-09-15"
23;"Samantha Toet and Carl Howe";"Debunking R and Python Myths: Answering Your Questions";"2020-09-10"
23;"Carl Howe";"3 Fun Shiny Apps for Your Long Labor Day Weekend";"2020-09-04"
23;"Carl Howe";"3 Ways to Expand Your Data Science Compute Resources";"2020-08-27"
23;"Mike Garcia, ProCogia";"Why Package and Environment Management is Critical for Serious Data Science";"2020-08-20"
23;"Curtis Kephart and Lou Bajuk";"R and RStudio - The Interoperability Environment for Data Analytics";"2020-08-17"
24;"Roger Oberg";"RStudio - Infoworld 2015 Technology of the Year Award Recipient!";"2015-01-28"
24;"Roger Oberg";"Register now for RStudio Shiny Workshops in D.C., New York, Boston, L.A., San Francisco and Seattle";"2015-01-28"
24;"Winston Chang";"Shiny 0.11, themes, and dashboard";"2015-01-23"
24;"Roger Oberg";"Balancing the Load | What's New in RStudio Server Pro?";"2015-01-13"
24;"Hadley Wickham";"RMySQL 0.10.0";"2015-01-09"
24;"Hadley Wickham";"dplyr 0.4.0";"2015-01-09"
24;"Hadley Wickham";"ggplot2 updates";"2015-01-09"
24;"Roger Oberg";"Announcing shinyapps.io beta";"2015-01-06"
24;"Roger Oberg";"Hadley Wickham Master R Developer Workshop - Space Limited";"2014-12-23"
24;"RStudio Team";"htmlwidgets: JavaScript data visualization for R";"2014-12-18"
25;"Dan Chen, Lander Analytics";"How to Deliver Maximum Value Using R & Python";"2020-08-13"
25;"Hadley Wickham";"rstudio::global() talk deadline extension";"2020-08-13"
25;"Lou Bajuk";"Do, Share, Teach, and Learn Data Science with RStudio Cloud";"2020-08-05"
25;"Samantha Toet";"RStudio Adds New R Features in Qubole's Open Data Lake";"2020-08-03"
25;"Carl Howe";"3 Wild-Caught R and Python Applications";"2020-07-28"
25;"Krystian Igras, Appsilon Data Science";"4 Tips to Make Your Shiny Dashboard Faster";"2020-07-21"
25;"Hadley Wickham";"rstudio::global() call for talks";"2020-07-17"
25;"Hadley Wickham";"rstudio::global(2021)";"2020-07-17"
25;"Yitao Li";"sparklyr 1.3: Higher-order Functions, Avro and Custom Serializers";"2020-07-16"
25;"Lou Bajuk, Carl Howe";"Interoperability: Getting the Most Out of Your Analytic Investments";"2020-07-15"
26;"Hadley Wickham";"readr 0.1.0";"2015-04-09"
26;"Garrett Grolemund";"Design patterns for action buttons";"2015-04-07"
26;"Garrett Grolemund";"Data Visualization cheatsheet, plus Spanish translations";"2015-03-30"
26;"Garrett Grolemund";"Package Development cheatsheet, plus Chinese translations";"2015-03-12"
26;"Hadley Wickham";"haven 0.1.0";"2015-03-04"
26;"Roger Oberg";"Announcing shinyapps.io General Availability";"2015-02-26"
26;"Jonathan McPherson";"RStudio v0.99 Preview: Data Viewer Improvements";"2015-02-24"
26;"RStudio Team";"RStudio v0.99 Preview: Code Completion";"2015-02-23"
26;"Jonathan McPherson";"RStudio v0.99 Preview: Vim Mode Improvements";"2015-02-23"
26;"Hadley Wickham";"Epoch.com sponsors RMySQL development";"2015-02-11"
27;"Kelly O'Briant";"RStudio Connect 1.8.4";"2020-07-14"
27;"Mine Çetinkaya-Rundel";"Winners of the 2nd Annual Shiny Contest";"2020-07-13"
27;"Daniel Petzold";"Why You Need a World Class IDE to Do Serious Data Science";"2020-07-09"
27;"Carl Howe";"Interoperability in July";"2020-07-07"
27;"Sean Lopp";"Announcing Public Package Manager and v1.1.6";"2020-07-01"
27;"Dean Wood, Mango Solutions";"Future-Proofing Your Data Science Team";"2020-06-30"
27;"Lou Bajuk, Carl Howe";"Does your Data Science Team Deliver Durable Value?";"2020-06-24"
27;"Lou Bajuk, Carl Howe";"Is Your Data Science Team Agile?";"2020-06-09"
27;"Lou Bajuk, Carl Howe";"Is Your Data Science Credible Enough?";"2020-06-02"
27;"Javier Luraschi";"pins 0.4.0: Versioning";"2020-05-29"
28;"Hadley Wickham";"devtools 1.8.0";"2015-05-11"
28;"Kevin Ushey";"RStudio v0.99 Preview: More Editor Enhancements";"2015-05-06"
28;"Hadley Wickham";"stringr 1.0.0";"2015-05-05"
28;"RStudio Team";"RStudio v0.99 Preview: Graphviz and DiagrammeR";"2015-05-01"
28;"RStudio Team";"RStudio v0.99 Preview: Code Diagnostics";"2015-04-28"
28;"Hadley Wickham";"Parse and process XML (and HTML) with xml2";"2015-04-21"
28;"Hadley Wickham";"Get data out of excel and into R with readxl";"2015-04-15"
28;"RStudio Team";"Interactive time series with dygraphs";"2015-04-14"
28;"RStudio Team";"RStudio v0.99 Preview: Tools for Rcpp";"2015-04-14"
28;"RStudio Team";"RStudio v0.99 Preview: Code Snippets";"2015-04-13"
29;"Jonathan McPherson";"RStudio 1.3 Released";"2020-05-27"
29;"Carl Howe, Sean Lopp";"The Role of the Data Scientist";"2020-05-27"
29;"Lou Bajuk";"Driving Real, Lasting Value with Serious Data Science";"2020-05-19"
29;"Carl Howe";"Equipping Your Data Science Team to Work from Home";"2020-05-12"
29;"Yitao Li";"sparklyr 1.2: Foreach, Spark 3.0 and Databricks Connect";"2020-05-06"
29;"Carl Howe";"Wrangling Unruly Data: The Bane of Every Data Science Team";"2020-05-05"
29;"Sean Lopp, RStudio";"Avoid Irrelevancy and Fire Drills in Data Science Teams";"2020-04-28"
29;"Carl Howe, RStudio";"Getting to the Right Question";"2020-04-22"
29;"Hadley Wickham";"RStudio and COVID-19";"2020-04-17"
29;"Jason Milnes";"Effective Visualizations for Credible, Data-Driven Decision Making";"2020-04-16"
30;"Yihui Xie";"Leaflet: Interactive web maps with R";"2015-06-24"
30;"Tareef Kawaf";"RStudio adds custom domains, bigger data and package support to shinyapps.io";"2015-06-24"
30;"Joe Cheng";"d3heatmap: Interactive heat maps";"2015-06-24"
30;"Garrett Grolemund";"New Shiny cheat sheet and video tutorial";"2015-06-22"
30;"Joe Cheng";"Shiny 0.12: Interactive Plots with ggplot2";"2015-06-16"
30;"Roger Oberg";"Hadley Wickham's Master R Developer Workshop - Washington DC registration is open";"2015-06-12"
30;"Hadley Wickham";"testthat 0.10.0";"2015-05-29"
30;"Garrett Grolemund";"SparkR preview by Vincent Warmerdam";"2015-05-28"
30;"RStudio Team";"New Version of RStudio (v0.99) Available Now";"2015-05-26"
30;"Tareef Kawaf";"Hadley Wickham Master R Developer Workshop in Chicago – Space Limited";"2015-05-12"
31;"Richard Iannone";"Great Looking Tables: gt (v0.2)";"2020-04-08"
31;"Kelly O'Briant";"RStudio Connect 1.8.2";"2020-04-02"
31;"Mine Çetinkaya-Rundel";"Shiny Contest 2020 deadline extended";"2020-03-18"
31;"Jonathan McPherson";"RStudio 1.3 Preview: The Little Things";"2020-03-17"
31;"Karl Feinauer";"RStudio 1.3 Preview: Remote Sessions in RStudio Desktop Pro";"2020-03-10"
31;"Gary Ritchie";"RStudio 1.3 Preview: Accessibility";"2020-03-04"
31;"Sean Lopp";"RStudio Package Manager 1.1.2 - Windows";"2020-02-27"
31;"Kevin Ushey";"RStudio 1.3 Preview: Integrated Tutorials";"2020-02-25"
31;"Jonathan McPherson";"RStudio 1.3 Preview: Configuration and Settings";"2020-02-18"
31;"Mine Çetinkaya-Rundel";"Shiny Contest 2020 is here!";"2020-02-12"
32;"Hadley Wickham";"tidyr 0.3.0";"2015-09-13"
32;"Hadley Wickham";"dplyr 0.4.3";"2015-09-04"
32;"Roger Oberg";"RStudio adds a new Starter Plan, More Active Hours, and a Performance Boost to shinyapps.io";"2015-08-24"
32;"RStudio Team";"Secure HTTPS Connections for R";"2015-08-17"
32;"Roger Oberg";"JSM 2015 | Check out these talks and visit RStudio!";"2015-08-03"
32;"Garrett Grolemund";"New R Markdown articles section, plus .Rmd to .docx super powers!";"2015-07-22"
32;"Garrett Grolemund";"Article Spotlight: Persistent data storage in Shiny apps";"2015-07-15"
32;"Garrett Grolemund";"Spark 1.4 for RStudio";"2015-07-14"
32;"RStudio Team";"Accelerating R: RStudio and the new R Consortium";"2015-06-30"
32;"Yihui Xie";"DT: An R interface to the DataTables library";"2015-06-24"
33;"Adam Conroy";"RStudio 1.3 Preview: Real Time Spellchecking";"2020-02-11"
33;"J.J. Allaire";"RStudio, PBC";"2020-01-29"
33;"Javier Luraschi";"sparklyr 1.1: Foundations, Books, Lakes and Barriers";"2020-01-29"
33;"Sean Lopp";"RStudio Connect 1.8.0 ";"2020-01-22"
33;"Anne Carome";"Start 2020 with mad new skills you learned at rstudio::conf. Final Call";"2020-01-12"
33;"Kevin Ushey";"reticulate 1.14";"2019-12-20"
33;"Lou Bajuk";"R vs. Python: What's the best language for Data Science?";"2019-12-17"
33;"Sean Lopp";"Emails from R: Blastula 0.3";"2019-12-05"
33;"Lou Bajuk";"RStudio's Commercial Desktop License is now RStudio Desktop Pro";"2019-12-03"
33;"Barret Schloerke";"learnr 0.10.0";"2019-12-02"
34;"Roger Oberg";"Register for Hadley Wickham's Master R Developer Workshop - San Francisco";"2015-12-09"
34;"Garrett Grolemund";"RStudio Essentials Webinar Series";"2015-12-01"
34;"Joe Cheng";"Shiny Developer Conference | Stanford University | January 2016";"2015-10-29"
34;"Hadley Wickham";"roxygen2 5.0.0";"2015-10-29"
34;"Hadley Wickham";"readr 0.2.0";"2015-10-28"
34;"Hadley Wickham";"testthat 0.11.0";"2015-10-15"
34;"Hadley Wickham";"purrr 0.1.0";"2015-09-29"
34;"Hadley Wickham";"rvest 0.3.0";"2015-09-24"
34;"Roger Oberg";"Are you headed to Strata? It's next week!";"2015-09-23"
34;"Hadley Wickham";"devtools 1.9.1";"2015-09-13"
35;"Javier Luraschi";"pins 0.3.0: Azure, GCloud and S3";"2019-11-28"
35;"Sean Lopp";"Package Manager 1.1.0.1 Patch Release";"2019-11-26"
35;"Anne Carome";"Thinking about rstudio::conf 2020? See the full conference schedule!";"2019-11-25"
35;"Hadley Wickham";"Our first artist in residence: Allison Horst!";"2019-11-18"
35;"Sean Lopp";"Package Manager 1.1.0 - No Interruptions";"2019-11-07"
35;"Kevin Ushey";"renv: Project Environments for R";"2019-11-06"
35;"Nathan Stephens";"RStudio Professional Drivers 1.6.0";"2019-10-24"
35;"Winston Chang";"Shiny 1.4.0";"2019-10-15"
35;"Samantha Toet";"Building Data Science Infrastructure at an Enterprise Level with RStudio and ProCogia";"2019-10-02"
35;"Elisa Gladu";"Fall & Winter Workshop Roundup";"2019-09-30"
36;"Roger Oberg";"Hadley Wickham's Advanced R in Amsterdam";"2016-02-06"
36;"Hadley Wickham";"Devtools 1.10.0";"2016-02-02"
36;"Hadley Wickham";"httr 1.1.0 (and 1.0.0)";"2016-02-02"
36;"Jim Hester";"memoise 1.0.0";"2016-02-02"
36;"Hadley Wickham";"tidyr 0.4.0";"2016-02-02"
36;"Winston Chang";"Shiny 0.13.0";"2016-01-20"
36;"RStudio Team";"RcppParallel: Getting R and C++ to work (some more) in parallel";"2016-01-15"
36;"Hadley Wickham";"purrr 0.2.0";"2016-01-06"
36;"Hadley Wickham";"ggplot 2.0.0";"2015-12-21"
36;"Hadley Wickham";"svglite 1.0.0";"2015-12-10"
37;"Sean Lopp";"RStudio Connect 1.7.8 - Put a pin in it!";"2019-09-23"
37;"Samantha Toet";"Data Science in Production: a Joint Event with Yotabites";"2019-09-22"
37;"Jonathan McPherson";"RStudio Server Pro 1.2 Update";"2019-09-19"
37;"RStudio Team";"pins: Pin, Discover and Share Resources";"2019-09-09"
37;"Hadley Wickham";"Deadline extended for rstudio::conf(2020) abstract submissions";"2019-09-06"
37;"Jen Hecht";"rstudio::conf(2020) Diversity and international scholarships";"2019-08-30"
37;"Hadley Wickham";"rstudio::conf(2020) call for submissions";"2019-08-09"
37;"Curtis Kephart";"The Shiny Developer Series";"2019-08-05"
37;"Greg Wilson";"RStudio Trainer Directory Launches";"2019-07-18"
37;"Hadley Wickham";"rstudio::conf(2020) is open for registration!";"2019-07-15"
38;"Hadley Wickham";"testthat 1.0.0";"2016-04-29"
38;"Hadley Wickham";"Feather: A Fast On-Disk Format for Data Frames for R and Python, powered by Apache Arrow";"2016-03-29"
38;"Roger Oberg";"RStudio at the Open Data Science Conference";"2016-03-28"
38;"Hadley Wickham";"tibble 1.0.0";"2016-03-24"
38;"RStudio Team";"R Markdown Custom Formats";"2016-03-21"
38;"RStudio Team";"R Markdown v0.9.5";"2016-03-21"
38;"Jim Hester";"R on Travis-CI";"2016-03-09"
38;"Hadley Wickham";"ggplot2 2.1.0";"2016-03-03"
38;"Roger Oberg";"Shinyapps.io Update Notification";"2016-02-19"
38;"RStudio Team";"New Release of RStudio (v0.99.878)";"2016-02-09"
39;"Kristopher Overholt";"RStudio Connect 1.7.6 - Publish Git-backed Content";"2019-06-24"
39;"Sean Lopp";"RStudio Connect 1.7.4.2 - Important Security Patch";"2019-06-13"
39;"Becky Bajan ";"Work Week at a Glance";"2019-06-06"
39;"Samantha Toet";"[R]eady for Production: a Joint Event with RStudio and EODA";"2019-05-24"
39;"Greg Wilson";"RStudio Instructor Training Updates";"2019-05-21"
39;"Sean Lopp";"Introducing SAML in RStudio Connect";"2019-05-14"
39;"Roger Oberg";"Introducing RStudio Server Pro 1.2 - New Features, Packaging, and Pricing";"2019-05-09"
39;"Roger Oberg";"Introducing RStudio Team";"2019-05-09"
39;"Jonathan McPherson";"RStudio 1.2 Released";"2019-04-30"
39;"Joe Cheng";"Shiny v1.3.2";"2019-04-26"
40;"Hadley Wickham";"xml2 1.0.0";"2016-07-05"
40;"Roger Oberg";"Join us at rstudio::conf 2017!";"2016-06-30"
40;"Roger Oberg";"See RStudio at UseR! 2016";"2016-06-27"
40;"Hadley Wickham";"dplyr 0.5.0";"2016-06-27"
40;"Hadley Wickham";"tidyr 0.5.0";"2016-06-13"
40;"Winston Chang";"Profiling with RStudio and profvis";"2016-05-23"
40;"RStudio Team";"flexdashboard: Easy interactive dashboards for R";"2016-05-17"
40;"Garrett Grolemund";"Shiny JavaScript Tutorials";"2016-05-06"
40;"Joe Cheng";"ShinyDevCon videos now available";"2016-05-05"
40;"Roger Oberg";"Register now for Hadley Wickham's Master R in Amsterdam";"2016-04-30"
41;"Sean Lopp";"RStudio Package Manager 1.0.8 - System Requirements";"2019-04-18"
41;"Mine Çetinkaya-Rundel";"Winners of the 1st Shiny Contest";"2019-04-05"
41;"Greg Wilson";"Summer Interns 2019";"2019-03-25"
41;"Kelly O'Briant";"RStudio Connect 1.7.2";"2019-03-22"
41;"Javier Luraschi";"sparklyr 1.0: Apache Arrow, XGBoost, Broom and TFRecords";"2019-03-15"
41;"Jonathan McPherson";"RStudio 1.2 Preview: Jobs";"2019-03-14"
41;"Sean Lopp";"RStudio Package Manager 1.0.6 - README";"2019-03-13"
41;"Roger Oberg";"Building tidy tools workshop";"2019-03-08"
41;"Greg Wilson";"RStudio Instructor Training";"2019-02-28"
41;"Cole Arendt";"Try out RStudio Connect on Your Desktop for Free";"2019-02-13"
42;"Hadley Wickham";"tibble 1.2.0";"2016-08-29"
42;"Hadley Wickham";"stringr 1.1.0";"2016-08-24"
42;"Roger Oberg";"Final Call: Hadley Wickham's Master R Workshop September 12 and 13 in NYC";"2016-08-18"
42;"Hadley Wickham";"tidyr 0.6.0";"2016-08-15"
42;"Yihui Xie";"A New Version of DT (0.2) on CRAN";"2016-08-09"
42;"Hadley Wickham";"readr 1.0.0";"2016-08-05"
42;"Roger Oberg";"Don't miss Hadley Wickham's Master R Workshop September 12 and 13 in NYC";"2016-07-22"
42;"Roger Oberg";"Discover R and RStudio at JSM 2016 Chicago!";"2016-07-19"
42;"Hadley Wickham";"httr 1.2.0";"2016-07-05"
42;"Hadley Wickham";"tibble 1.1";"2016-07-05"
43;"Mine Çetinkaya-Rundel";"rstudio::conf 2019 Workshop materials now available";"2019-02-06"
43;"Sean Lopp";"Time Travel with RStudio Package Manager 1.0.4";"2019-01-30"
43;"Greg Wilson";"Summer Internships 2019";"2019-01-18"
43;"Sean Lopp";"RStudio Connect 1.7.0";"2019-01-17"
43;"Roger Oberg";"RStudio Server Pro is now available on Microsoft Azure Marketplace";"2019-01-08"
43;"Mine Çetinkaya-Rundel";"Announcing the 1st Shiny Contest";"2019-01-07"
43;"Roger Oberg";"Thinking about going to rstudio::conf 2019? Act soon!";"2018-11-28"
43;"Jonathan McPherson";"RStudio 1.2 Preview: The Little Things";"2018-11-19"
43;"Joe Cheng";"Shiny 1.2.0: Plot caching";"2018-11-13"
43;"Karl Feinauer";"RStudio 1.2 Preview - New Features in RStudio Pro";"2018-11-05"
44;"Winston Chang";"shinythemes 1.1.1";"2016-10-13"
44;"Jonathan McPherson";"R Notebooks";"2016-10-05"
44;"Hadley Wickham";"haven 1.0.0";"2016-10-04"
44;"Hadley Wickham";"ggplot2 2.2.0 coming soon!";"2016-09-30"
44;"RStudio Team";"sparklyr — R interface for Apache Spark";"2016-09-27"
44;"Joe Cheng";"Shiny Server (Pro) 1.4.6";"2016-09-22"
44;"Hadley Wickham";"lubridate 1.6.0";"2016-09-15"
44;"Hadley Wickham";"tidyverse 1.0.0";"2016-09-15"
44;"Winston Chang";"Shiny 0.14";"2016-09-12"
44;"Hadley Wickham";"forcats 0.1.0 ";"2016-08-31"
45;"RStudio Team";"RStudio IDE Custom Theme Support";"2018-10-29"
45;"Gary Ritchie";"RStudio 1.2 Preview: Plumber Integration";"2018-10-23"
45;"Becky Bajan";"Summer Intern Projects";"2018-10-22"
45;"RStudio Team";"shinytest - Automated testing for Shiny apps";"2018-10-18"
45;"Sean Lopp";"Announcing RStudio Package Manager ";"2018-10-17"
45;"RStudio Team";"RStudio 1.2 Preview: Stan";"2018-10-16"
45;"RStudio Team";"RStudio 1.2 Preview: C/C++ and Rcpp";"2018-10-11"
45;"RStudio Team";"RStudio 1.2 Preview: Reticulated Python";"2018-10-09"
45;"RStudio Team";"r2d3 - R Interface to D3 Visualizations";"2018-10-05"
45;"Jonathan McPherson";"RStudio 1.2 Preview: SQL Integration";"2018-10-02"
46;"Roger Oberg";"Time is running out - register for Hadley Wickham's Master R in Melbourne!";"2016-11-23"
46;"Hadley Wickham";"ggplot2 2.2.0";"2016-11-14"
46;"Hadley Wickham";"svglite 1.2.0";"2016-11-14"
46;"Roger Oberg";"R Views - a new perspective on R and RStudio";"2016-11-08"
46;"Joe Cheng";"Shiny Server (Pro) 1.5";"2016-11-04"
46;"RStudio Team";"Announcing RStudio v1.0!";"2016-11-01"
46;"Roger Oberg";"Join Hadley Wickham's Master R Workshop in Melbourne, Australia December 12 & 13";"2016-10-28"
46;"Hadley Wickham";"Call for rstudio::conf lightning talks";"2016-10-18"
46;"Joe Cheng";"Shiny Server (Pro) 1.4.7";"2016-10-14"
46;"Roger Oberg";"The schedule is out - rstudio:conf 2017";"2016-10-13"
47;"Javier Luraschi";"sparklyr 0.9: Streams and Kubernetes";"2018-10-01"
47;"Sean Lopp";"RStudio Connect 1.6.8 - Emails, APIs, and Titles";"2018-09-20"
47;"JJ Allaire";"Radix for R Markdown";"2018-09-19"
47;"Hadley Wickham";"Deadline extended for rstudio::conf(2019) abstract submissions";"2018-09-14"
47;"Sigrid Keydana";"Getting started with deep learning in R";"2018-09-12"
47;"Joe Cheng";"Shiny Server (Pro) 1.5.8";"2018-09-04"
47;"Hadley Wickham";"rstudio::conf(2019) contributed talks & e-posters";"2018-08-20"
47;"Joseph Rickert";"R/Medicine Conference";"2018-08-13"
47;"Hadley Wickham";"rstudio::conf(2019) diversity scholarships";"2018-08-10"
47;"Roger Oberg";"What they forgot to teach you about R";"2018-08-07"
48;"Joe Cheng";"leaflet 1.1.0";"2017-02-22"
48;"Roger Oberg";"rstudio::conf 2017 session recordings are now available";"2017-02-15"
48;"Roger Oberg";"See RStudio + sparklyr for big data at Strata + Hadoop World";"2017-02-13"
48;"Jeff Allen";"RStudio Connect 1.4.2";"2017-02-09"
48;"Hadley Wickham";"roxygen2 6.0.0";"2017-02-01"
48;"Javier Luraschi";"sparklyr 0.5: Livy and dplyr improvements";"2017-01-24"
48;"Jim Hester";"xml2 1.1.1";"2017-01-24"
48;"Jeff Allen";"Announcing RStudio Connect - For all the work your teams do in R";"2017-01-10"
48;"Roger Oberg";"Register today for rstudio::conf 2017!";"2016-12-15"
48;"Yihui Xie";"Announcing bookdown: Authoring Books and Technical Documents with R Markdown";"2016-12-02"
49;"Roger Oberg";"rstudio::conf 2019 is open for registration!";"2018-07-31"
49;"Yihui Xie";"Announcing the 1st Bookdown Contest";"2018-07-27"
49;"Sean Lopp";"RStudio Connect 1.6.6 - Custom Emails";"2018-07-26"
49;"Yihui Xie";"The Revamped bookdown.org Website";"2018-07-25"
49;"Yihui Xie";"Announcing the R Markdown Book";"2018-07-13"
49;"Jeff Allen";"RStudio Connect v1.6.4.2 - Security Update";"2018-07-09"
49;"Joe Cheng";"Shiny 1.1.0: Scaling Shiny with async";"2018-06-26"
49;"Cole Arendt";"RStudio Connect v1.6.4";"2018-06-19"
49;"Roger Oberg";"Applied Machine Learning Workshop";"2018-05-15"
49;"Kevin Kuo";"sparklyr 0.8: Production pipelines and graphs";"2018-05-14"
50;"Roger Oberg";"RStudio Server Pro is now available on AWS Marketplace";"2017-05-31"
50;"Jeff Allen";"RStudio Connect 1.5.0 - Introducing Tags!";"2017-05-23"
50;"Bárbara Borges";"shinydashboard 0.6.0";"2017-05-18"
50;"Roger Oberg";"Come see RStudio at an event near you next week!";"2017-05-12"
50;"Jenny Bryan";"readxl 1.0.0";"2017-04-19"
50;"Hadley Wickham";"dplyr 0.6.0 coming soon!";"2017-04-13"
50;"Hadley Wickham";"tidyverse updates";"2017-04-12"
50;"Jeff Allen";"RStudio Connect 1.4.6";"2017-04-11"
50;"Bárbara Borges";"Shiny 1.0.1";"2017-04-05"
50;"Jeff Allen";"RStudio Connect 1.4.4.1";"2017-03-28"
51;"Becky Bajan";"Enterprise Advocate";"2018-05-11"
51;"Barret Schloerke";"leaflet 2.0.0";"2018-05-10"
51;"Cole Arendt";"RStudio Connect v1.6.2";"2018-05-09"
51;"JJ Allaire";"Arrow and beyond: Collaborating on next generation tools for open source data science";"2018-04-19"
51;"Becky Bajan";"Summer Interns";"2018-04-18"
51;"Sean Lopp";"RStudio Connect 1.6.0  -  A Year in the Making!";"2018-04-12"
51;"Joe Cheng";"Shiny Server (Pro) 1.5.7";"2018-04-11"
51;"Roger Oberg";"Building tidy tools workshop";"2018-04-09"
51;"Yihui Xie";"DT 0.4: Editing Tables, Smart Filtering, and More";"2018-03-29"
51;"JJ Allaire";"reticulate: R interface to Python";"2018-03-26"
52;"Gary Ritchie";"RStudio v1.1 Preview: Terminal";"2017-08-11"
52;"Roger Oberg";"Building tidy tools workshop";"2017-08-10"
52;"Jeff Allen";"RStudio Connect v1.5.4 - Now Supporting Plumber!";"2017-08-03"
52;"Javier Luraschi";"sparklyr 0.6: Distributed R and external sources";"2017-07-31"
52;"Hadley Wickham";"haven 1.1.0";"2017-07-13"
52;"Roger Oberg";"Registration open for rstudio::conf 2018!";"2017-07-12"
52;"Garrett Grolemund";"Introducing learnr";"2017-07-11"
52;"Hadley Wickham";"dbplyr 1.1.0";"2017-06-27"
52;"Hadley Wickham";"bigrquery 0.4.0";"2017-06-26"
52;"Hadley Wickham";"dplyr 0.7.0";"2017-06-13"
53;"Amanda Gadrow";"Platform Deprecation Strategy";"2018-03-07"
53;"Sean Lopp";"RStudio Connect v1.5.14";"2018-03-02"
53;"Hadley Wickham";"Summer interns";"2018-02-12"
53;"Tareef Kawaf";"TensorFlow for R";"2018-02-06"
53;"Kevin Kuo";"sparklyr 0.7: Spark Pipelines and Machine Learning";"2018-01-29"
53;"Sean Lopp";"RStudio Connect v1.5.12";"2018-01-12"
53;"Alan Dipert";"Shiny Server (Pro) 1.5.6";"2017-12-11"
53;"Roger Oberg";"Birds of a Feather sessions at rstudio::conf 2018 and the rstudio::conf app!";"2017-12-01"
53;"Sean Lopp";"RStudio Connect v1.5.10";"2017-12-01"
53;"Bárbara Borges";"pool package on CRAN";"2017-11-17"
54;"Jeff Allen";"RStudio Connect v1.5.6 - Now Supporting Kerberos!";"2017-09-06"
54;"JJ Allaire";"Keras for R";"2017-09-05"
54;"B. Wayne";"RStudio 1.1 Preview - I Only Work in Black";"2017-08-30"
54;"Mine Çetinkaya-Rundel";"Shiny Dev Center gets a shiny new update";"2017-08-29"
54;"Roger Oberg";"Newer to R? rstudio::conf 2018 is for you! Early bird pricing ends August 31.";"2017-08-25"
54;"Kevin Ushey";"RStudio v1.1 Preview - Object Explorer";"2017-08-22"
54;"Roger Oberg";"RStudio Server Pro is ready for BigQuery on the Google Cloud Platform";"2017-08-18"
54;"Jonathan McPherson";"RStudio 1.1 Preview - Data Connections";"2017-08-16"
54;"Winston Chang";"Shiny 1.0.4";"2017-08-15"
54;"Hadley Wickham";"rstudio::conf(2018): Contributed talks, e-posters, and diversity scholarships";"2017-08-15"
55;"Hadley Wickham";"rstudio::conf(2018) program now available!";"2017-11-06"
55;"Hadley Wickham";"R-Admins Community";"2017-11-03"
55;"Jeff Allen";"RStudio Connect v1.5.8";"2017-10-24"
55;"Nathan Stephens";"Announcing RStudio Professional Drivers";"2017-10-16"
55;"Jonathan McPherson";"RStudio v1.1 Released";"2017-10-09"
55;"Hadley Wickham";"community.rstudio.com";"2017-09-14"
55;"Jonathan McPherson";"RStudio v1.1 - The Little Things";"2017-09-13"
55;"Alan Dipert";"Shiny Server (Pro) 1.5.4";"2017-09-12"
55;"Yihui Xie";"Announcing blogdown: Create Websites with R Markdown";"2017-09-11"
55;"Karl Feinauer, Jonathan McPherson";"RStudio 1.1 Preview - New Features in RStudio Server Pro";"2017-09-07"
